Date,Move Minutes count,Calories (kcal),Distance (m),Heart Points,Heart Minutes,Low latitude (deg),Low longitude (deg),High latitude (deg),High longitude (deg),Average speed (m/s),Max speed (m/s),Min speed (m/s),Step count,Average weight (kg),Max weight (kg),Min weight (kg),Biking duration (ms),Inactive duration (ms),Walking duration (ms),Running duration (ms),Jogging duration (ms)
2019-08-05,17,603.1963118209605,532.4296855926514,2.0,2,,,,,1.2911264635949578,2.825899839401245,0.3023758828639984,1328,,,,,28531669,319737,,
2019-08-06,202,2093.001726628198,5439.372174739838,57.0,57,,,,,2.387907600376227,14.74984359741211,0.24414373934268951,11712,,,,2580210,70309892,5068471,,
2019-08-07,114,2129.309948732911,7123.708129286766,63.0,62,,,,,0.8736655907280096,1.95641028881073,0.2540530264377594,10969,,,,,79250346,6778086,,
2019-08-08,36,1847.209114387722,1361.5806200504303,10.0,8,,,,,12.667383318985964,37.6859130859375,0.26985031366348267,3106,,,,,72181145,1983676,,
2019-08-09,44,1718.4280060931292,287.35274237394333,,,,,,,0.6051126676149752,0.7632961869239807,0.31027713418006897,3450,,,,,81461582,664600,60606,
2019-08-10,68,1890.294915809317,3238.0034011006355,30.0,29,,,,,0.9977583404214354,2.3221898078918457,0.2537526488304138,6726,,,,,79414596,3151545,243942,
2019-08-11,30,1780.9125750575665,543.881272315979,2.0,2,,,,,0.478061849566048,1.4352277517318726,0.2547358274459839,2931,,,,,82431500,1123634,149936,
2019-08-12,44,1743.7988231833722,1574.1835298538208,15.0,15,,,,,7.492378029317187,28.114540100097656,0.2510583996772766,4090,,,,,68584432,1574989,,
2019-08-13,66,1834.3207218313853,8.159398078918457,51.0,51,,,,,1.2561761052256326,4.294614315032959,0.27445197105407715,1378,,,,3162763,77657026,39888,,
2019-08-14,143,2143.291372095189,5167.1343384981155,91.0,91,,,,,2.3270536473357097,5.455169677734375,0.40026479959487915,9298,,,,2633336,75721679,5116197,,
2019-08-15,68,1745.2148016250696,2343.8417096138,22.0,21,,,,,1.2722344767783829,10.87923812866211,0.28039655089378357,6318,,,,,72646496,2178573,164415,
2019-08-16,163,1736.5412214270814,991.0009268522263,25.0,25,,,,,0.914430231236383,1.7960268259048462,0.29735010862350464,9625,,,,1563323,70755323,1884489,195731,
2019-08-17,262,1588.759760956773,2545.6926003694534,46.0,46,,,,,0.6547177205652708,3.7172322273254395,0.2420925348997116,15932,,,,2473177,48440291,4102917,590096,
2019-08-18,267,1766.7188893177245,4118.59524166584,11.0,11,,,,,2.2086901935372407,7.273549556732178,0.24250097572803497,18247,,,,,56044475,7545470,68229,
2019-08-19,271,1929.5804885061582,3462.681039392948,102.0,102,,,,,1.3711357454838635,4.381502628326416,0.25963032245635986,15375,,,,4267908,63783406,3763778,,
2019-08-20,187,1861.1485975669464,1715.9023298621178,46.0,46,,,,,1.2073173252494158,4.21104621887207,0.2670472264289856,10765,,,,2001611,72155231,1989809,540998,
2019-08-21,193,1903.6298046062923,2620.473020374775,36.0,36,,,,,1.0471960746593805,5.393726348876953,0.28978800773620605,12851,,,,1356112,70961536,4328630,139049,
2019-08-22,161,1953.751719960909,2987.226703584194,48.0,47,,,,,1.5084533386168908,14.888855934143066,0.2677634060382843,9500,,,,1799412,64317764,4491160,238143,
2019-08-23,296,1979.7808894542713,7286.944990575314,143.0,142,,,,,1.3038537430514145,7.9241790771484375,0.28839772939682007,20712,,,,4132415,51678931,7042500,230927,
2019-08-24,192,1734.1854211497912,1839.6508598327637,32.0,32,,,,,1.9646799627468827,27.31209945678711,0.26184165477752686,12734,,,,1180209,61866627,2843316,690491,
2019-08-25,138,1891.2705885400362,2285.6270716786385,7.0,7,,,,,0.7186601242693942,1.8913365602493286,0.2510583996772766,10018,,,,,76076491,3764804,384719,
2019-08-26,25,1638.5534343425259,,,,,,,,0.9635053873062134,0.9635053873062134,0.9635053873062134,1956,,,,,80805375,,,
2019-08-27,99,1668.4376410672428,1358.9528646469116,2.0,2,,,,,0.7934314438557147,1.644567608833313,0.2544640898704529,7481,,,,,61721946,3077714,137996,
2019-08-28,9,1740.4853962682935,362.0724503993988,1.0,1,,,,,1.5674831524922566,22.72507095336914,0.35890182852745056,921,,,,,82619214,570418,,
2019-08-29,28,1752.9775484277684,792.8367467522621,3.0,3,,,,,2.3218285173637865,4.966407299041748,0.3393093943595886,2345,,,,,82904976,932431,,
2019-08-30,43,1815.6389398327913,2059.8835232257843,22.0,22,,,,,2.072235002722032,4.229208946228027,0.38379332423210144,4327,,,,,82912763,1743578,,
2019-08-31,45,1415.0499505600014,1437.7912886738777,9.0,9,,,,,0.8088818568366234,1.8049349784851074,0.2557843327522278,4120,,,,,59502124,2575007,,
2019-09-01,105,1975.493666322705,4424.468648791313,37.0,37,,,,,2.545641764335843,35.234519958496094,0.2510583996772766,8541,,,,,73123611,5338861,64474,
2019-09-02,112,2003.2994179571554,5345.2467160224915,68.0,68,,,,,0.7745377938632112,1.7237545251846313,0.25018632411956787,9186,,,,1157989,74222056,4950366,,
2019-09-03,101,1843.5188430227656,2911.741095125675,40.0,40,,,,,1.8379558281711408,20.450700759887695,0.2910195589065552,7829,,,,495601,77855121,2438316,76937,
2019-09-04,49,1911.3316503615993,,45.0,45,,,,,,,,641,,,,2803621,83042967,,,
2019-09-05,64,1949.2823380455698,1182.4898880720139,33.0,33,,,,,0.9667170042695845,1.7776782512664795,0.23873946070671082,2898,,,,1900374,82050389,1704466,,
2019-09-06,183,1943.273346866279,6729.853601396084,79.0,79,,,,,1.0615564295286568,2.121715784072876,0.25083765387535095,15642,,,,1160267,62966592,7180880,125021,
2019-09-07,211,2159.140443097073,9485.345483958721,88.0,88,,,,,1.1367730647119352,18.712203979492188,0.23207470774650574,19608,,,,,62584742,11229092,,
2019-09-08,74,1782.6963337763343,2229.0666006207466,17.0,17,,,,,0.9410681941212874,16.438060760498047,0.2572319805622101,5724,,,,,76852591,2579805,,
2019-09-09,141,2148.002420172166,4899.362571716309,99.0,99,,,,,2.08228951163764,6.571888446807861,0.27012428641319275,8794,,,,3610588,74696960,4145979,137203,
2019-09-10,136,1829.4225767442094,2709.4280175566673,43.0,43,,,,,1.12992574734274,6.936992645263672,0.26101166009902954,9056,,,,1431314,70355672,2989810,,
2019-09-11,85,1834.1950854410313,2458.8251371979713,28.0,27,,,,,1.2244792501274195,2.374467372894287,0.2549334168434143,6939,,,,367467,76130972,2712919,100563,
2019-09-12,47,1906.1187574801875,2266.667584180832,24.0,24,,,,,1.1093256790974293,1.6847586631774902,0.31619447469711304,3803,,,,467188,82734771,2340196,67215,
2019-09-13,123,2028.3338698117934,6508.49703925848,65.0,65,,,,,1.460727399512234,16.798791885375977,0.25163549184799194,10786,,,,530984,72677499,6019658,,
2019-09-14,235,1735.2626315198765,2794.072283387184,16.0,16,,,,,0.7874276612056544,1.8195993900299072,0.27153581380844116,16506,,,,,66356243,4535201,177654,
2019-09-15,210,1817.8189693788513,4096.42608332634,24.0,24,,,,,1.286204971125512,11.165665626525879,0.25123071670532227,15978,,,,,68061728,5317943,,
2019-09-16,88,1707.6537513506705,3191.685289144516,33.0,33,,,,,1.6229140434016478,10.489311218261719,0.3013392984867096,6820,,,,679186,68578924,3153204,,
2019-09-17,228,2045.017959398408,4419.814885914326,61.0,56,,,,,1.388493461517379,12.377548217773438,0.2615191638469696,14231,,,,2198513,67794716,5338941,64511,
2019-09-18,171,1690.73448220223,2014.8841395378113,5.0,5,,,,,0.8646221667394676,1.9680005311965942,0.3120417594909668,12460,,,,,70515283,3121613,,
2019-09-19,220,2323.7697781054635,2951.7908218503,146.0,146,,,,,1.2078348154765584,3.364229202270508,0.2750420868396759,7481,,,,7845670,71257394,3140859,,
2019-09-20,107,1786.8434076302703,1288.9069717526436,30.0,30,,,,,2.7161175648411326,5.471867084503174,0.2530680298805237,6386,,,,1500565,71566481,2170032,250087,
2019-09-21,113,1818.5238308284,2513.7802300453186,30.0,30,,,,,2.1923901312703316,22.049861907958984,0.232738196849823,7967,,,,669845,70664737,2977965,183989,
2019-09-22,177,1872.543633184625,3608.9885583519936,16.0,16,,,,,1.9335506765838724,29.87154197692871,0.24613572657108307,12707,,,,,66865956,5327630,98591,
2019-09-23,73,1843.077264837805,2446.9506793022156,24.0,24,,,,,2.629232110281553,10.244638442993164,0.2519185245037079,6296,,,,,77196938,3034074,94880,
2019-09-24,168,1895.3267714060114,3658.324452638626,10.0,10,,,,,1.0172068135530015,1.6950243711471558,0.2510583996772766,11893,,,,,70138729,5445357,,
2019-09-25,131,2081.909452942962,7609.651272654533,67.0,67,,,,,1.3990882303906382,13.521158218383789,0.2626134157180786,12731,,,,,74116692,6998225,,
2019-09-26,178,2246.0226265408805,11345.788661956787,112.0,112,,,,,1.250212307364865,3.1802985668182373,0.2510583996772766,17944,,,,,70992736,10043667,,
2019-09-27,122,1941.9513666979847,5785.564485549927,56.0,56,,,,,1.5666097606891332,11.681418418884277,0.2460777908563614,11771,,,,,72101468,5387421,,
2019-09-28,218,1678.520902825365,2312.691326022148,36.0,36,,,,,1.8130639597905787,15.4345703125,0.2614901065826416,14441,,,,1211343,61902094,3624296,,
2019-09-29,91,1834.0527710755518,1579.535563647747,38.0,38,,,,,1.1871460536505467,1.68990957736969,0.282440721988678,6543,,,,744257,79055036,2214309,,
2019-09-30,142,2063.894648797648,5482.277374446392,75.0,74,,,,,0.9948747655621659,1.6428632736206055,0.25302568078041077,12104,,,,1104788,73698738,6099726,64568,
2019-10-01,119,2061.655311695413,4894.234871149063,83.0,83,,,,,1.4843267875437947,5.472076892852783,0.2785230278968811,8065,,,,2481027,76040188,4133259,,
2019-10-02,206,2171.9872289098507,10499.821617484093,103.0,103,,,,,1.0436721846402954,1.7188814878463745,0.2744908034801483,19033,,,,,71716145,9139772,88590,
2019-10-03,19,1699.2181966270787,236.89465379714966,4.0,4,,,,,1.345130765126679,23.909521102905273,0.2934688627719879,1740,,,,,81435549,301823,,
2019-10-04,97,1647.808849516458,599.8345191478729,30.0,30,,,,,1.2227367423334858,1.7606112957000732,0.2420540153980255,5595,,,,1906500,67051803,743412,60219,
2019-10-05,120,1676.4832139878088,1264.167217195034,5.0,5,,,,,0.7448031064689582,1.6627733707427979,0.2719799280166626,8900,,,,,73509959,1937955,68288,
2019-10-06,181,2024.8003301996423,6317.971782565117,69.0,69,,,,,1.3009711123173184,18.050291061401367,0.2551621198654175,13978,,,,1089001,66164691,6082630,,
2019-10-07,141,2005.9684869060136,4215.448689699173,36.0,34,,,,,1.1624648994178584,2.0486960411071777,0.26789286732673645,9917,,,,669663,72687526,5370071,,
2019-10-08,81,2024.6992984658336,4249.64715218544,53.0,53,,,,,1.4707893315261928,17.340524673461914,0.29843083024024963,6861,,,,663127,75571321,4476159,,
2019-10-09,46,1884.7511415813383,2526.7207173109055,17.0,16,,,,,0.9079297529798485,2.2131235599517822,0.25184541940689087,4081,,,,,82414615,2543559,,
2019-10-10,96,2013.7366102249262,1579.6536331176758,57.0,56,,,,,1.5808130403809713,4.454460144042969,0.24780157208442688,3918,,,,2963506,78741502,1993474,151578,
2019-10-11,278,2049.4550217351607,9814.820781290531,100.0,94,,,,,1.0090914140523022,3.9746310710906982,0.24415241181850433,23817,,,,409899,59740855,9380830,512738,
2019-10-12,74,1959.770681892192,4462.939109325409,40.0,40,,,,,0.8957465788404106,1.7097958326339722,0.26666703820228577,7447,,,,,76187944,4617542,,
2019-10-13,92,1971.4291774317371,4751.356109380722,41.0,41,,,,,0.6563978586027407,9.452201843261719,0.31026574969291687,8947,,,,,73736613,4859109,,
2019-10-14,78,1771.4420146867944,941.8086318969727,29.0,29,,,,,1.059424157987409,2.7340617179870605,0.4408985674381256,4998,,,,1143310,79317775,912573,,
2019-10-15,100,1857.518385562762,5971.99388051033,63.0,63,,,,,1.0638231071473603,1.7559226751327515,0.2583935260772705,9625,,,,388611,67011627,5878096,,
2019-10-16,123,1976.6656848012979,4866.720418095589,32.0,31,,,,,0.9916249989365823,1.7940852642059326,0.2651224136352539,10139,,,,,75159710,5873373,,
2019-10-17,238,2411.9304206961383,13745.390324175358,131.0,131,,,,,0.9644396903169721,1.6568801403045654,0.24908702075481415,22451,,,,,70552085,12734851,,
2019-10-18,37,1780.2063033359857,1662.8186025619507,16.0,16,,,,,1.2823712379041123,1.8059208393096924,0.2867283225059509,3451,,,,,81941917,1306144,,
2019-10-19,85,1815.9915475917594,2194.417233943939,14.0,14,,,,,0.7799442268666218,1.5494970083236694,0.2587771415710449,6687,,,,377425,76048166,2781302,,
2019-10-20,114,1874.5782084499613,2358.518272101879,29.0,29,,,,,0.5336088029645256,1.6210620403289795,0.2532862424850464,8055,,,,781234,72686151,3511007,68388,
2019-10-21,236,1930.5956542627707,4204.773450136185,50.0,50,,,,,1.6683156196544677,13.082515716552734,0.24848850071430206,15004,,,,1976747,59161813,6363043,,
2019-10-22,41,1820.4140374276562,2010.9949564933777,18.0,18,,,,,1.0080827542326047,1.4964184761047363,0.28478091955184937,3854,,,,,82393859,1942103,,
2019-10-23,,1751.4683744656031,,,,,,,,,,,35,,,,,86373783,,,
2019-10-24,54,1827.1372592172793,2825.3986070752144,29.0,28,,,,,1.9375862482715285,6.412353515625,0.24343056976795197,5628,,,,,77383734,2733376,91606,
2019-10-25,112,1859.6510591694969,3710.5119727253914,20.0,20,,,,,1.1446766853078219,2.409956932067871,0.27030348777770996,9120,,,,,74350014,4165618,,
2019-10-26,226,1616.9709084583226,2225.488091826439,8.0,8,,,,,0.9896810559616166,3.3585164546966553,0.29563984274864197,15295,,,,,62822429,4091720,,
2019-10-27,59,1912.896738344722,1975.0144970417023,15.0,14,,,,,1.0415305763538438,1.7016220092773438,0.2662830054759979,5057,,,,,83459844,2525234,,
2019-10-28,165,1791.1382845890585,2463.1981787085533,17.0,16,,,,,1.333196101888584,13.439691543579102,0.2615191638469696,11760,,,,120184,68981048,3725343,279686,
2019-10-29,146,1931.8795803167227,5916.622191905975,11.0,11,,,,,0.8596581458831251,1.795385479927063,0.2510583996772766,9713,,,,,69149216,6373605,117734,
2019-10-30,106,2019.4626742876371,6743.700285553932,79.0,75,,,,,0.8629537559338194,4.520402431488037,0.24678225815296173,9768,,,,1097496,72352452,4771055,,
2019-10-31,25,1803.5648425820434,1625.429922580719,13.0,12,,,,,0.712378317254451,2.332536458969116,0.2791023850440979,2540,,,,,83017460,1102414,,
2019-11-01,145,1929.627411900708,8324.710099935532,56.0,56,,,,,0.7485560065896886,1.9486888647079468,0.24632802605628967,13151,,,,,68781922,6747360,,
2019-11-02,80,2025.5929488944557,5431.903361558914,51.0,51,,,,,0.6370498542535005,1.6037110090255737,0.2615191638469696,8180,,,,,79420288,5262543,63242,
2019-11-03,38,1868.826207282952,2389.6390709877014,20.0,20,,,,,1.1095056723722942,1.8930459022521973,0.25930434465408325,3580,,,,,82333071,2255861,,
2019-11-04,205,2019.555435784004,9948.200706064701,49.0,48,,,,,1.026518859027486,4.8799285888671875,0.24823154509067535,15742,,,,398213,63127120,7570190,60880,
2019-11-05,66,1946.9481872568256,1409.7833623886108,40.0,40,,,,,0.9070754096213024,2.0832412242889404,0.2552820146083832,2332,,,,2331123,80322176,1675549,,
2019-11-06,28,1835.517759823195,585.020816385746,12.0,12,,,,,0.5330127938502235,1.1700958013534546,0.24704405665397644,1124,,,,769498,83988264,908533,,
2019-11-07,43,1881.1377130910842,1364.6287467479706,22.0,22,,,,,1.177108477245368,9.072626113891602,0.2615191638469696,2301,,,,1002230,82522612,1506489,68300,
2019-11-08,109,2016.0204738237112,6665.857998967171,47.0,46,,,,,1.1747162993162963,18.665225982666016,0.24570241570472717,10493,,,,,68464113,6678437,195890,
2019-11-09,61,1907.3383284452439,4404.670089960098,41.0,41,,,,,0.940082272819248,6.820205211639404,0.24658410251140594,6546,,,,,79088299,3483405,,
2019-11-10,50,1900.1864293219946,3092.2538452148438,22.0,22,,,,,0.5826819197660745,1.7259905338287354,0.24628570675849915,5068,,,,,80142294,3569879,,
2019-11-11,202,2024.1004102910365,7240.176162540913,28.0,27,,,,,0.9966870421050987,4.687250137329102,0.2444210797548294,12128,,,,1222348,68320644,6025644,129180,
2019-11-12,124,1917.3040774886565,8139.8126283288,70.0,70,,,,,2.0960023567396306,9.966107368469238,0.24140623211860657,12032,,,,,75196769,3939977,501412,
2019-11-13,88,1898.074269372925,5521.017213106155,43.0,43,,,,,0.593350595045347,1.5395817756652832,0.2510583996772766,8218,,,,,79735655,3649476,,
2019-11-14,53,1878.7438521988763,1703.1985783576965,31.0,31,,,,,0.9452291042544314,17.345653533935547,0.24144715070724487,2812,,,,1380405,80439657,1235427,67136,
2019-11-15,205,2069.1495291042556,10276.386710643768,57.0,57,,,,,0.5874654296646589,2.32265305519104,0.2426559031009674,16457,,,,,62514709,8667574,878301,
2019-11-16,114,1023.0672779260482,4360.200433135033,20.0,19,,,,,0.7514697941136131,1.7046266794204712,0.2573525011539459,6978,,,,739042,40052462,1166483,401516,
2019-11-17,65,1877.9543720836825,2746.9982348680496,26.0,26,,,,,0.8258504411476384,2.1623809337615967,0.2510583996772766,4454,,,,617376,75654550,2396718,119225,
2019-11-18,159,1622.1693549100983,6594.648778676987,16.0,15,,,,,1.2488431653525969,11.94979190826416,0.2505870461463928,11019,,,,,64608033,2898650,71959,
2019-11-19,31,1765.2405033272446,1591.9983885884285,6.0,5,,,,,0.5753769229231441,1.8733024597167969,0.25537171959877014,2693,,,,,82477761,1204000,,
2019-11-20,4,1731.1585452781655,172.6040654182434,,,,,,,0.586380491363169,1.0471923351287842,0.31382298469543457,376,,,,,85372204,,,
2019-11-21,83,1917.1834116399746,2401.1743488311768,38.0,38,,,,,0.9216623061548059,1.9713534116744995,0.2543959617614746,3984,,,,2045549,78168637,2156634,,
2019-11-22,199,2187.4559239962095,4463.326323091984,130.0,130,,,,,1.1086559556320128,7.524606704711914,0.25717201828956604,7319,,,,6760280,68459593,3256065,,
2019-11-23,48,1871.6024090244925,2841.3298596143723,21.0,21,,,,,0.9522422633384297,2.137982130050659,0.2525077164173126,4382,,,,,80120863,2820479,,
2019-11-24,43,1798.8195315726218,2599.7083436250687,19.0,19,,,,,0.8755871045833977,1.8736326694488525,0.2615191638469696,3961,,,,,81831415,1809868,,
2019-11-25,225,1867.32831739634,9194.662755012512,57.0,57,,,,,1.005899266599445,9.847810745239258,0.2510583996772766,14886,,,,1671900,60706023,5298380,182118,
2019-11-26,45,1900.2281968099637,1662.1026089191437,13.0,13,,,,,1.0305198079118782,10.224552154541016,0.282440721988678,2650,,,,576818,79437395,2586228,,
2019-11-27,23,1734.8877740608564,1004.053551197052,1.0,1,,,,,1.1847810610395102,12.411884307861328,0.3033622205257416,1753,,,,,79514625,339542,43885,
2019-11-28,78,1905.2950327260305,1664.6518796086311,42.0,42,,,,,0.6277560745263582,1.5893199443817139,0.24490714073181152,3030,,,,2687532,80129796,809290,,
2019-11-29,103,1964.5083361403515,5114.3188562989235,42.0,42,,,,,1.702574539104621,2.860292434692383,0.2510583996772766,7677,,,,686880,77438114,4056631,,
2019-11-30,112,1973.7730546354485,4426.545808553696,48.0,48,,,,,0.7062903619286066,3.2663395404815674,0.2615191638469696,7461,,,,1481198,77734389,3599012,,
2019-12-01,60,1790.1779856551382,3700.3767442703247,29.0,28,,,,,0.4247738619219183,1.805882215499878,0.24560971558094025,5950,,,,,77506940,2413488,,
2019-12-02,241,1867.509345752161,11559.729608654976,54.0,53,,,,,1.0349392730499505,14.007559776306152,0.2531690001487732,18047,,,,,60512282,7241852,,
2019-12-03,99,1912.2128485087035,6194.544911265373,48.0,47,,,,,0.8098311619825931,2.277367115020752,0.2719799280166626,9267,,,,,75213481,4158604,,
2019-12-04,174,2179.9424345839902,8394.910729587078,85.0,85,,,,,0.5374769569199251,1.5523234605789185,0.2615058720111847,13114,,,,1394254,67806650,8600774,,
2019-12-05,52,1793.5255867861874,3212.140253484249,25.0,25,,,,,0.6260600600661033,1.556075930595398,0.2615191638469696,4789,,,,,81723861,1769470,,
2019-12-06,7,1730.9591385839167,293.97960686683655,,,,,,,0.6115191112001713,1.098430871963501,0.2449825406074524,699,,,,,83674163,102692,,
2019-12-07,200,1438.4223975519294,8077.652365446091,15.0,15,,,,,0.6020795816034271,2.126976490020752,0.24730685353279114,13265,,,,183746,63427049,1528939,,
2019-12-08,43,1768.6453781081284,2301.0892892479897,13.0,10,,,,,0.5702398038372488,3.312649726867676,0.2436479926109314,3643,,,,,79738104,1683262,129634,
2019-12-09,199,1933.1885183069658,7751.802375197411,10.0,10,,,,,1.1078828680598451,15.170452117919922,0.2510583996772766,12958,,,,,67222492,5708833,308911,
2019-12-10,74,1919.4891352679838,4677.613129615784,37.0,37,,,,,0.538896575827038,3.157316207885742,0.2510583996772766,6920,,,,,79461834,3999450,,
2019-12-11,114,1667.4953252844134,4943.92298156023,17.0,16,,,,,0.6696847685440915,1.9618182182312012,0.24654796719551086,7966,,,,,75674702,1725776,,
2019-12-12,93,1836.5952178562782,4931.25587284565,23.0,22,,,,,0.792065576230232,1.7862621545791626,0.2510583996772766,7674,,,,,78484614,3016748,,
2019-12-13,82,1825.9914382904371,4466.437051415443,25.0,25,,,,,0.5845962171645422,1.9664373397827148,0.24523000419139862,6914,,,,,76530384,2769241,,
2019-12-14,58,1877.5351483660422,3422.2259197235107,26.0,26,,,,,0.4551198862962748,1.5076532363891602,0.282440721988678,5258,,,,,78400482,2837260,,
2019-12-15,40,1817.0974308718141,1484.0353370308876,21.0,21,,,,,1.1083189861417713,37.43925857543945,0.2429426908493042,2579,,,,862456,79676725,1230827,,
2019-12-16,,1749.391627551669,,,,,,,,0.7637407330646078,0.8012326955795288,0.7277191877365112,11,,,,,86271368,,,
2019-12-17,,1752.0,,,,,,,,,,,,,,,,86400000,,,
2019-12-18,87,1729.5871711015914,3389.440623164177,5.0,5,,,,,0.5805963612940891,1.4078187942504883,0.24154265224933624,5615,,,,,76134867,1758721,330227,
2019-12-19,49,1933.0970951377317,3072.6733169555664,21.0,21,,,,,0.7171378339510535,1.5637985467910767,0.2510583996772766,4974,,,,,79621002,3834275,,
2019-12-20,214,2533.276610500552,10463.200885653496,105.0,102,,,,,0.7330189336203036,1.9071193933486938,0.24982094764709473,16302,,,,2124091,66680669,13072416,,
2019-12-21,243,1722.1734256219906,11147.341289162636,33.0,30,,,,,0.8810123140731929,9.30631160736084,0.24801626801490784,17791,,,,,58163890,6170539,252805,
2019-12-22,64,1654.729934096065,2863.192320883274,6.0,6,,,,,0.6192372425790479,1.7141755819320679,0.2469959855079651,4908,,,,,70630692,1643526,,
2019-12-23,117,2142.555634943,7709.10790681839,62.0,62,,,,,0.5982507847928832,1.9015897512435913,0.239191934466362,11433,,,,,73554337,7060674,376125,
2019-12-24,42,1778.3573860228423,2526.313442647457,18.0,15,,,,,0.9250925237355947,4.083981037139893,0.2510583996772766,3973,,,,,79309262,1095656,,
2019-12-25,21,1706.6121815458903,804.3003468648458,,,,,,,0.7153870485139732,1.2641263008117676,0.2867487967014313,1738,,,,,80578109,127500,,
2019-12-26,45,1861.9197133085781,2276.4457132681346,10.0,10,,,,,0.6446831194035143,3.4675135612487793,0.2510583996772766,3810,,,,,78203290,2476307,249031,
2019-12-27,137,1720.8667423229747,5793.381519436836,19.0,18,,,,,0.758924717677234,1.7408757209777832,0.2510583996772766,9466,,,,,76350895,2240467,,
2019-12-28,85,1754.4739222492535,4053.3771490454674,16.0,16,,,,,0.6594616855099421,2.6053388118743896,0.2494039088487625,6735,,,,,74397873,2454593,,
2019-12-29,43,1724.8270409670863,1573.9251222610474,,,,,,,0.6694663882902983,1.5457321405410767,0.24896572530269623,3264,,,,,77846770,1685719,,
2019-12-30,251,1740.5773456591346,10647.155327618122,21.0,21,,,,,0.7722711154595692,10.044754028320312,0.24267850816249847,17191,,,,,64809264,4360102,241409,
2019-12-31,70,1743.2977979396908,3941.9291322231293,23.0,23,,,,,0.4342588982729336,1.6971379518508911,0.24661506712436676,6364,,,,,76234591,2338774,,
2020-01-01,114,2026.6919009263502,7771.382040143013,69.0,69,,,,,0.6369712055041472,1.708605408668518,0.24871380627155304,11250,,,,,75720695,5927884,,
2020-01-02,58,1716.1574097271496,2570.778988301754,13.0,13,,,,,0.6492565323943651,1.4715585708618164,0.2514611482620239,4340,,,,,78857110,1519821,,
2020-01-03,29,1858.1680606526827,1941.7287166118622,16.0,16,,,,,1.2967786174604004,10.663713455200195,0.3033622205257416,2925,,,,,80463747,1784532,298810,
2020-01-04,205,1850.6057050673733,7884.3608719706535,10.0,10,,,,,0.5720350958982475,1.7148609161376953,0.2510583996772766,13179,,,,,67708242,6197449,,
2020-01-05,218,1668.9208403375455,8771.697275996208,16.0,16,,,,,0.6298665562462357,1.855831503868103,0.2509112060070038,14336,,,,,62722588,3450904,512533,
2020-01-06,165,1518.299648205842,6559.8419226408005,10.0,10,,,,,0.6297653615174627,1.7051249742507935,0.2430041879415512,10804,,,,,60120562,547993,262731,
2020-01-07,94,1814.6545273923045,5356.499962449074,37.0,36,,,,,0.7120736088180357,1.7481660842895508,0.27155253291130066,8203,,,,,73070801,3624831,,
2020-01-08,115,2021.6102389425912,6712.012882947922,46.0,46,,,,,0.85209126447205,2.0258750915527344,0.252758264541626,10220,,,,,73435548,6791383,,
2020-01-09,85,1781.8651331715816,4778.029056549072,34.0,34,,,,,0.6405771115100674,1.6362582445144653,0.24585889279842377,7107,,,,,76928447,4476863,,
2020-01-10,118,1844.683524270616,6223.862149000168,41.0,39,,,,,0.6946500180097516,1.859668493270874,0.2510583996772766,9569,,,,,72783361,6038794,,
2020-01-11,105,1615.07790253031,6614.081525396539,46.0,46,,,,,0.7384315604530246,1.746326208114624,0.2615191638469696,10186,,,,,63716392,3920533,,
2020-01-12,48,1555.2770924276504,2911.9057412631973,22.0,21,,,,,0.3523711013984955,1.7187472581863403,0.2929014563560486,4559,,,,,80129056,1353946,,
2020-01-13,182,1513.7104831205752,8037.560856819153,28.0,28,,,,,1.3557906827140782,12.409502029418945,0.2510581910610199,12922,,,,,62024327,3489985,366561,
2020-01-14,80,1703.4277127199596,4494.25378704071,33.0,33,,,,,0.7587755006939091,1.8510924577713013,0.2510583996772766,6788,,,,,74278709,3681886,,
2020-01-15,143,1938.7883517964513,8948.037411093712,69.0,69,,,,,0.8119999759697514,1.8988840579986572,0.2510583996772766,13270,,,,,69570752,8015186,,
2020-01-16,93,1630.9858036082437,4862.588006079197,25.0,24,,,,,0.7931090210038523,1.8490580320358276,0.2459326684474945,7493,,,,,76494169,2949249,,
2020-01-17,92,1735.1587220328715,5128.245056688786,34.0,34,,,,,1.1897121743318921,21.551483154296875,0.2510583996772766,7987,,,,,71715883,4737006,,
2020-01-18,133,1921.1865752019298,5216.350450873375,91.0,85,,,,,0.604779947072298,2.8135015964508057,0.25019094347953796,7788,,,,3075090,75797169,3883626,,
2020-01-19,136,1882.5765773120456,7157.439862310886,41.0,41,,,,,0.8286244042848848,1.749197006225586,0.2510583996772766,10977,,,,,75670887,6649173,,
2020-01-20,165,1561.384706448184,6670.15211635828,16.0,16,,,,,0.7874654143331028,11.211604118347168,0.24537323415279388,10884,,,,,68425375,3649522,,
2020-01-21,93,1759.6213831434022,5153.152794063091,34.0,30,,,,,0.5889277368498537,1.7268298864364624,0.24631109833717346,7757,,,,,74820897,5250445,,
2020-01-22,36,1832.2618042460144,2084.330114364624,13.0,13,,,,,1.046823105824204,1.6224802732467651,0.29552343487739563,3137,,,,,75744476,4681366,185069,
2020-01-23,82,1732.7348042703015,2421.23768556118,42.0,42,,,,,0.7465604054267374,3.0523641109466553,0.24067561328411102,3906,,,,2122605,78593336,1347881,,
2020-01-24,100,1837.6441703573826,5161.1932807564735,53.0,52,,,,,1.0506850844559472,1.7448140382766724,0.26442790031433105,7868,,,,809994,75241394,4793601,,
2020-01-25,61,1671.1602473017326,3267.090182363987,34.0,33,,,,,0.6620810682815165,1.8228176832199097,0.2510583996772766,5078,,,,621000,80156091,1973061,,
2020-01-26,151,1702.655343762065,8668.525942206383,63.0,63,,,,,0.6276801345765594,1.5401670932769775,0.2719799280166626,13267,,,,,57542305,7179170,,
2020-01-27,219,2216.1890307079952,11266.41149353981,68.0,68,,,,,0.7537366782203078,2.248236894607544,0.25589489936828613,17401,,,,,69535004,12420578,,
2020-01-28,201,2118.4312732608055,11195.171687841415,82.0,81,,,,,0.5577643905393269,1.7704060077667236,0.2510583996772766,17138,,,,,66566537,11849484,,
2020-01-29,170,1994.4611341493155,9575.199464440346,67.0,67,,,,,0.9162000533176037,3.2738914489746094,0.2557935118675232,14698,,,,,70332516,8866720,,
2020-01-30,,560.8170879208565,,,,,,,,,,,,,,,,30971302,,,
2023-02-04,,1670.7500029802322,,,,,,,,,,,,,,,,,,,
2023-02-05,17,1821.1664547747528,2222.873850342196,13.0,9,,,,,0.38102446914780835,7.751056983354267,0.2729450635009769,2110,73.0,73.0,73.0,,,480565,596385,
2023-02-06,249,2299.2353714219066,10413.03915038765,59.0,54,,,,,0.5393764157374015,3.266824728370415,0.26107788682702143,13806,,,,1357799,,9429098,,
2023-02-07,47,1809.9043081335515,1344.6772834126332,27.0,27,,,,,0.4082200419237211,1.6394346470073295,0.2729450635009769,1930,,,,1416431,,894971,,
2023-02-08,340,1847.6835933789694,10746.437853810981,23.0,21,,,,,0.5596429898005223,3.1447656245287905,0.2729450635009769,14801,,,,652925,,2366672,,
2023-02-09,128,2039.0842785961238,5249.434307538437,14.0,14,,,,,0.5080685393402393,1.7244671959864475,0.2729450635009769,7233,,,,,,6381599,,
2023-02-10,214,1984.899955906275,8244.546531594555,23.0,23,,,,,0.5015850067896132,3.2121246016471354,0.2729450635009769,11260,,,,,,5440050,,
2023-02-11,107,1856.3157262659715,4836.733220706812,18.0,17,,,,,0.3749590337828246,2.336021963512223,0.2729450635009769,6620,,,,,,3205881,,
2023-02-12,89,2127.630203957764,7533.223259710947,40.0,21,,,,,0.4763708129311096,7.657085478568483,0.26107788682702143,8189,,,,,,2741194,1247901,
2023-02-13,430,2410.8913215364573,19603.89715416666,73.0,69,,,,,0.5761893371732768,5.637933549731344,0.26107788682702143,26528,,,,,,12408883,169944,
2023-02-14,98,1901.88238585081,5618.269455367175,33.0,31,,,,,0.4241630528670865,3.4759408776713268,0.30854659352284347,7346,,,,,,3979008,,
2023-02-15,350,2270.3587987880614,13263.29222566749,37.0,34,,,,,0.5262058355420586,3.2599320028943173,0.26556186885613864,17970,,,,,,9290119,477451,
2023-02-16,321,2351.603021159278,11091.984683480037,40.0,38,,,,,0.463309859404505,2.6671317553244043,0.320413770196799,15478,,,,1565852,,10120287,,
2023-02-17,163,2021.801564327518,8006.227894375955,29.0,27,,,,,0.43042455327069734,2.9906849973931875,0.320413770196799,10844,,,,,,6082168,,
2023-02-18,103,1897.5690014515428,4244.942746139756,10.0,9,,,,,0.3954354066415656,3.157034366867307,0.2848122401749324,5960,,,,,,3894927,,
2023-02-19,10,1677.1856945122656,507.6778181118171,,,,,,,0.3347703631418121,0.9707761496892803,0.26107788682702143,800,,,,,,111502,,
2023-02-20,157,2460.965882657566,9475.020005272625,110.0,86,,,,,0.5645771870810868,5.053461145651303,0.26107788682702143,10386,,,,2392950,,5127530,1602390,
2023-02-21,93,1912.7375547691925,4496.829254264909,19.0,16,,,,,0.5583217289308016,3.1478826562975586,0.2729450635009769,5960,,,,,,4189550,,
2023-02-22,110,2190.5656670899834,9413.534738789362,69.0,43,,,,,0.540513953270402,3.6229026132207505,0.26107788682702143,10230,,,,,,3956764,1387224,
2023-02-23,134,1972.6855990399422,5659.625055545795,12.0,10,,,,,0.5069893817058418,2.898228174477676,0.2729450635009769,7750,,,,,,5229583,,
2023-02-24,190,2061.7321828249674,8072.501899685163,40.0,38,,,,,0.4569759989152478,3.434074197594669,0.2729450635009769,10988,,,,604286,,6113283,,
2023-02-25,79,1829.1198084619923,3913.8033089975265,15.0,12,,,,,0.42890980353466956,3.1045538498851295,0.2729450635009769,5335,,,,,,2717447,,
2023-02-26,223,2175.3484119681953,11412.443323660387,58.0,51,,,,,0.6708408758480757,2.927558170937063,0.3523693091283092,14985,,,,85696,,8650739,,
2023-02-27,108,1993.7737245150072,6103.6096200092525,34.0,30,,,,,0.495427817066932,3.3852827250242012,0.2729450635009769,8039,,,,,,5587844,,
2023-02-28,7,1670.7500029802322,327.53407620117235,,,,,,,0.3559020507593359,0.3560153142401918,0.30854659352284347,526,,,,,,,,
2023-03-01,198,2249.4864121543064,6778.865092297723,91.0,88,,,,,0.4721074316158112,2.975117925436694,0.2729450635009769,8899,,,,3453894,,6323572,,
2023-03-02,192,2166.1220558276154,11699.280421844262,76.0,69,,,,,0.5339710446585031,3.6613451237144083,0.26107788682702143,15100,,,,,,8548509,,
2023-03-03,92,2218.1759666328135,9196.845599835631,69.0,39,,,,,0.4855182815134828,5.40340125258493,0.26107788682702143,9474,,,,,,2275661,2149697,
2023-03-04,105,1852.3043972244207,4777.284107625512,15.0,14,,,,,0.36275870155335865,2.1322516162968372,0.26107788682702143,6676,,,,,,3145534,,
2023-03-05,449,2877.6806958721586,23765.110744656376,107.0,96,,,,,0.6834868226257821,3.971273671758559,0.30854659352284347,31667,,,,,,20694025,85970,
2023-03-06,74,1817.012919654772,3801.4682721014187,20.0,16,,,,,0.6234197689585608,3.3114518933848562,0.30854659352284347,5035,,,,,,2524592,,
2023-03-07,50,1999.4858651314446,5630.285685089181,47.0,29,,,,,0.5125404708281872,5.6798285165202795,0.26107788682702143,5861,,,,,,1366477,1035952,
2023-03-08,61,1792.9464449466643,2732.2180722465496,12.0,10,,,,,0.45832023148471207,3.3466346491191166,0.24638652401860595,3697,,,,,,2112550,,
2023-03-09,83,1541.6748283679665,4963.9086604259,22.0,19,,,,,0.6125628768230763,2.4944889422054306,0.356015268051639,6719,,,,,,5081744,135335,
2023-03-18,,1670.7500029802322,,,,,,,,,,,,,,,,,,,
2023-03-19,82,2023.108018084449,5973.778582562538,41.0,23,,,,,0.46318341475173075,6.14056658071383,0.2503998916798086,6077,,,,,,397937,1811936,
2023-03-20,201,2195.2961196728847,9796.754100318885,48.0,44,,,,,0.5882191989210264,3.363600203248452,0.24907176634743233,12984,,,,783460,,7280304,419937,
2023-03-21,75,1897.9733453931588,3735.2782709808575,18.0,18,,,,,0.3829132583116664,1.9761541474456221,0.26107788682702143,5205,,,,,,3740047,85537,
2023-03-22,202,2157.607632552214,8874.052581884214,62.0,58,,,,,0.6184860711836937,2.9599009620162247,0.26107788682702143,11679,,,,1214337,,7135424,,
2023-03-23,143,2005.447450167406,7970.8297577310495,52.0,46,,,,,0.5546473716178232,3.1130361629688776,0.2729450635009769,10547,,,,,,5787805,,
2023-03-24,130,1908.2017587680546,6376.184435557976,30.0,26,,,,,0.40770568632519666,3.1934329330810147,0.26107788682702143,8239,,,,,,3918119,68617,
2023-03-25,389,2327.6853197603086,9387.939375569837,110.0,109,,,,,0.40340735010643614,2.493827040005935,0.2729450635009769,12678,,,,6221390,,4184830,234103,
2023-03-26,386,2597.282571618561,8071.229727141402,212.0,210,,,,,0.42071242021404803,2.5053926156976583,0.2594604492539594,10996,,,,11304624,,4961795,86125,
2023-03-27,27,1775.4944005866166,1410.5042776636124,7.0,7,,,,,0.34493176055228547,1.8078077416014404,0.26107788682702143,1928,,,,,,1814756,,
2023-03-28,3,1670.7500029802325,201.5046599237647,,,,,,,0.3190864870122711,0.3560152959795997,0.26107788682702143,354,,,,,,,,
2023-03-29,167,2134.454612543003,8873.406573412696,63.0,60,,,,,0.6514595052199342,2.9676506188917644,0.26107788682702143,11696,,,,599051,,7361334,,
2023-03-30,58,2186.8909249788903,6842.167502811087,53.0,33,,,,,0.47085417718645955,6.885560061100275,0.2848122401749324,6768,,,,,,2938408,1580317,
2023-03-31,169,2170.708058303077,8561.887897440583,42.0,34,,,,,0.5511538148677084,3.2323970229365293,0.30854659352284347,11267,,,,,,8644060,,
2023-04-01,31,1736.5509592849796,1703.1726688255217,9.0,7,,,,,0.3690865703871501,3.6496728858218956,0.26107788682702143,2278,,,,,,1131203,,
2023-04-02,24,1693.4256367802122,867.9107924638286,2.0,2,,,,,0.3407064845025752,1.7354335712157254,0.26107788682702143,1284,,,,,,388821,,
2023-04-03,125,2057.4956262889727,6242.476673637283,43.0,39,,,,,0.5437870133449441,2.9600633455203638,0.2729450635009769,8340,,,,923749,,5692495,,
2023-04-04,99,2313.1390358352655,8665.89525403699,99.0,69,,,,,0.5920016171376072,7.0123505753379884,0.2631933388488948,8742,,,,1511238,,2281256,1872721,
2023-04-05,92,1907.3426016437363,4452.992843136985,23.0,19,,,,,0.4058830266124517,3.44771675119147,0.26107788682702143,5973,,,,,,4077431,,
2023-04-06,289,2381.7792540300593,12570.94224252649,86.0,80,,,,,0.5662412929297048,3.0059036952322513,0.2848122401749324,16934,,,,2309821,,9846868,,
2023-04-07,213,2264.4377583100377,11022.117576144119,34.0,30,,,,,0.49352123811440324,3.1594614027592716,0.2729450635009769,14949,,,,,,10285976,,
2023-04-08,454,2991.7512121992413,23288.79267420115,116.0,100,,,,,0.5359373438882298,3.2795380752796786,0.296679416848888,30643,,,,1130433,,18650687,1029117,
2023-04-09,414,2234.5814583756787,18934.475612420094,20.0,17,,,,,0.4895621944315251,2.923094189710227,0.26107788682702143,26025,,,,,,8733681,450028,
2023-04-10,223,2201.249951051409,10700.253328306004,26.0,25,,,,,0.46095501689224294,3.0023601436604546,0.296679416848888,14391,,,,,,9191213,,
2023-04-11,230,2389.8138797969486,14403.375424381695,64.0,59,,,,,0.5643909590922743,4.271957149352007,0.2729450635009769,19086,,,,,,12215135,101526,
2023-04-12,241,2489.6143244770647,15866.41720429806,78.0,67,,,,,0.615336583068247,3.4809173659217985,0.2729450635009769,20599,,,,,,14187289,,
2023-04-13,336,2722.469464861797,18316.328662780597,48.0,46,,,,,0.6427053398209023,4.598464174410779,0.25095395239561286,24832,,,,,,18221638,,
2023-04-14,413,2686.4427764249494,18124.05912582676,25.0,23,,,,,0.6331558626319087,2.854715567417584,0.3322809468707545,25064,,,,,,17593134,,
2023-04-15,298,2601.4156672392564,17073.73686197237,88.0,81,,,,,0.630145358495193,3.4131944031171195,0.26107788682702143,22840,,,,,,15691427,165288,
2023-04-16,96,1938.982736794468,6239.792112368143,42.0,39,,,,,0.40543765197662596,2.485880801610947,0.2848122401749324,8178,,,,,,4647284,,
2023-04-17,53,2132.978998604428,6685.156412882368,56.0,30,,,,,0.6070015263952011,5.846832225117822,0.26107788682702143,6214,,,,,,1129379,1700181,
2023-04-18,154,2239.7341349609605,7912.689676078604,90.0,74,,,,,0.7295720368087584,5.91114091689323,0.296679416848888,9318,,,,2180152,,3939225,1114105,
2023-04-19,53,2094.938942440157,6476.885063133899,58.0,34,,,,,0.44586434421950155,3.7401604643198048,0.26107788682702143,6336,,,,,,1397692,1527848,
2023-04-20,47,2087.684242542891,6284.177466355767,59.0,35,,,,,0.4408257093208329,6.417188263610482,0.26107788682702143,5903,,,,,,1036571,1621691,
2023-04-21,297,2694.994423904957,16118.198407024824,114.0,84,,,,,0.6193170339351126,7.891258733797737,0.2540947181662649,18739,,,,1776040,,7489750,2262583,
2023-04-22,25,1720.9242919057515,1581.1486098585224,11.0,7,,,,,0.36937971973747147,3.148377346706748,0.24968565668700146,2131,,,,,,868200,,
2023-04-23,54,2049.5510172817603,5809.634451200583,51.0,29,,,,,0.41600811603202087,3.9910673506156993,0.2729450635009769,5803,,,,,,1667556,1433810,
2023-04-24,102,1984.0842311902716,4316.830459692425,45.0,44,,,,,0.48608071998864205,3.435058929431886,0.2848122401749324,5726,,,,1534055,,3779232,,
2023-04-25,120,2397.3175329007518,10354.925235011564,90.0,59,,,,,0.5595879980089145,6.85333926968586,0.26107788682702143,10243,,,,743668,,3269453,2080071,
2023-04-26,203,2865.0074530013985,16931.9353921682,170.0,118,,,,,0.7670287713897189,7.785348703342383,0.26107788682702143,16850,,,,2077446,,5315585,3603468,
2023-04-27,3,1670.7500029802325,84.01961085160508,,,,,,,0.3560152771938465,0.3560152906249904,0.3560152637627026,196,,,,,,,,
2023-04-28,,1670.7500029802322,94.70006985816504,,,,,,,0.34385859181717005,0.35601528364777235,0.2848122401749324,165,,,,,,,,
2023-04-29,192,2262.8876519528458,11964.061939460096,89.0,80,,,,,0.5925930820578069,3.3568420688527647,0.2729450635009769,15391,,,,466593,,9523181,84172,
2023-04-30,,1670.7500029802325,38.86535500106993,,,,,,,0.3560152637627026,0.3560152637627026,0.3560152637627026,143,,,,,,,,
2023-05-01,119,2312.5557974163007,10753.938010180917,96.0,62,,,,,0.6644845813639384,6.023981175004412,0.26107788682702143,10950,,,,746854,,2415592,1948253,
2023-05-02,68,2220.2059714693173,9022.752700492512,74.0,41,,,,,0.5177633847300329,8.695663708113768,0.26107788682702143,8398,,,,,,821313,2226824,
2023-05-03,139,2093.020660036671,6279.932795349098,59.0,58,,,,,0.5722586916353366,3.1447367736144773,0.26107788682702143,8357,,,,1696530,,5499202,,
2023-05-04,188,2447.1867281321192,11610.396189589972,104.0,81,,,,,0.5320035230114074,7.753419738184758,0.25173660820552796,12782,,,,2407216,,2902712,2251142,
2023-05-05,99,2258.043632290516,8607.867378394774,63.0,42,,,,,0.4411042284300522,7.581284618356932,0.26107788682702143,8836,,,,,,3830316,1546722,
2023-05-06,113,1979.3393481467551,6528.749127231346,49.0,42,,,,,0.4963692530215304,3.172659623201761,0.2729450635009769,8648,,,,769240,,4504177,,
2023-05-07,155,2156.1497004857124,10254.98886324965,77.0,70,,,,,0.4913085071901158,3.7368073362686296,0.26107788682702143,13388,,,,439950,,7800362,60059,
2023-05-08,140,2461.997269644388,11086.454912037889,105.0,73,,,,,0.549806050866463,4.886832579646862,0.2729450635009769,11470,,,,1398934,,4373349,1871819,
2023-05-09,121,2073.520328825807,5130.296709727801,41.0,38,,,,,0.5711213048615885,2.9338880988830156,0.30854659352284347,7131,,,,1392044,,5459906,,
2023-05-10,1,1670.7500029802322,199.56439430889725,,,,,,,0.3195414551536168,0.356015294338671,0.26107788682702143,444,,,,,,,,
2023-05-11,20,1820.9756723628032,2221.40289126106,18.0,10,,,,,0.41519293810866226,3.3091540539816444,0.27440798473780703,2433,,,,,,444762,673316,
2023-05-12,226,2210.020119538268,11459.681392388396,61.0,56,,,,,0.5515677541056301,2.9202586070871943,0.2729450635009769,15307,,,,891550,,7536797,341910,
2023-05-13,170,1992.1474168073412,8058.418863427798,25.0,24,,,,,0.579031037301169,2.492611345408463,0.2729450635009769,10986,,,,,,4953088,267536,
2023-05-14,126,2159.63476683317,7162.240552413126,62.0,51,,,,,0.5940756821785855,5.298829548736352,0.26107788682702143,8247,,,,1188630,,2821034,1429952,
2023-05-15,157,2367.70983664269,10741.67047761145,87.0,67,,,,,0.6525256265092355,7.617418981656413,0.2729450635009769,11850,,,,850534,,5944549,1260769,
2023-05-16,4,1672.9921807792398,175.87155830802078,,,,,,,0.32693537845423454,0.3560153079206306,0.2848122401749324,437,,,,,,38847,,
2023-05-17,51,1835.1452270840787,3087.706711154994,21.0,20,,,,,0.49407903506587203,2.1064911116524474,0.30854659352284347,4080,,,,,,2822370,,
2023-05-18,72,1907.2422454580817,1959.2327498636912,45.0,43,,,,,0.38816945564611854,3.105957170208417,0.2729450635009769,2691,,,,2276286,,1657329,,
2023-05-19,396,2971.1537429129044,20226.389812049143,125.0,100,,,,,0.5720258552676785,6.996156601377684,0.26107788682702143,25019,,,,1563508,,13418450,2602170,
2023-05-20,236,2136.2042555451976,10445.655387076293,58.0,57,,,,,0.4355607238335159,3.2106700316093897,0.26107788682702143,14220,,,,1605359,,6335691,,
2023-05-21,376,2852.122681085657,23529.018319432013,116.0,109,,,,,0.5784058440969966,2.760816338714584,0.2729450635009769,31050,,,,,,20273376,71032,
2023-05-22,273,2330.0169662487506,11991.736531456281,37.0,34,,,,,0.5690998597663698,2.328863502643789,0.26107788682702143,16370,,,,691731,,9888610,344897,
2023-05-23,195,2173.327370712226,7055.361373572408,46.0,45,,,,,0.5441947103275158,5.887303285170401,0.320413770196799,9800,,,,2455516,,6079161,,
2023-05-24,318,2705.9936131264876,16813.3477963289,57.0,52,,,,,0.6601888651632388,3.3674705444941497,0.26107788682702143,22831,,,,,,17882115,,
2023-05-25,116,2347.2868031443736,10447.039735795523,77.0,50,,,,,0.5989611957622964,4.521977813800098,0.26107788682702143,11477,,,,,,5083592,1660721,
2023-05-26,239,2450.2411073744593,11360.99444890231,72.0,60,,,,,0.6141268196503523,2.8800441535708923,0.26107788682702143,13732,,,,1249217,,6834625,2031295,
2023-05-27,211,2106.8034513572784,8774.868860046701,12.0,10,,,,,0.46898669306347635,2.52246858028832,0.26107788682702143,12189,,,,,,7554874,,
2023-05-28,211,2388.235235141541,11729.220516614807,43.0,34,,,,,0.5019809120488989,5.546910846201145,0.34414812354471,14935,,,,,,7610702,1709525,
2023-05-29,107,2038.4791328302247,5478.0366539361485,45.0,44,,,,,0.48304636738091655,2.0345343001677745,0.26107788682702143,7416,,,,1192190,,5089911,,
2023-05-30,111,1972.74648301214,4980.809438165916,31.0,28,,,,,0.4669156935541811,2.8068763312805864,0.26107788682702143,6831,,,,905012,,4224031,,
2023-05-31,82,1836.2907161854534,3858.252264886273,8.0,8,,,,,0.39507444853711354,1.58347226288957,0.26107788682702143,5497,,,,,,2868087,,
2023-06-01,190,2051.4195129366744,7278.723872863318,14.0,13,,,,,0.5371144040993457,3.301864535490954,0.2848122401749324,9921,,,,,,5888652,300878,
2023-06-02,78,1912.5235944551516,4267.574910026408,36.0,36,,,,,0.38825325102147556,3.076011511699884,0.26107788682702143,5596,,,,611076,,3532691,,
2023-06-03,59,1841.4510379278847,3053.7773993597193,11.0,9,,,,,0.4092680495596052,3.3988626239560498,0.2729450635009769,4102,,,,,,2907557,,
2023-06-04,,1670.7500029802322,156.64673209621284,,,,,,,0.3347692821840871,0.3560153142401918,0.2848122401749324,375,,,,,,,,
2023-06-05,227,2403.4851677052015,13914.00282440265,91.0,88,,,,,0.5381894835467117,3.4466761015482037,0.26107788682702143,18360,,,,,,10602842,891606,
2023-06-06,1,1679.575861702388,168.03922170321016,,,,,,,0.33491737895084905,0.3560152950106704,0.30854659352284347,265,,,,,,152913,,
2023-06-07,111,1948.4861005870641,5482.852851891319,43.0,43,,,,,0.5165679890294193,1.9716154235323473,0.26107788682702143,7218,,,,1042150,,3676534,,
2023-06-08,1,1679.989181526794,210.72350406211532,,,,,,,0.3296549178559277,0.35601530365790773,0.26107788682702143,337,,,,,,160074,,
2023-06-09,68,1853.7511274142162,3252.26452107599,22.0,19,,,,,0.34877307563881127,1.934592688202757,0.2729450635009769,4455,,,,493130,,2605572,,
2023-06-10,430,2814.4507417832556,23788.51263518452,125.0,118,,,,,0.6223194474547049,2.9419585134416684,0.26107788682702143,31513,,,,844245,,18905340,,
2023-06-11,104,1873.4013132930781,4583.561018824989,24.0,21,,,,,0.6148072545140594,2.7901988823957575,0.30854659352284347,6087,,,,,,3511049,,
2023-06-12,185,2644.1258785892373,14976.311120660368,155.0,107,,,,,0.6467467683949749,7.8714121177099505,0.27487480015543403,15376,,,,403604,,5579583,2990756,
2023-06-13,68,2324.1131719033706,8751.443786503523,85.0,51,,,,,0.5685420674174065,8.327788669037865,0.26107788682702143,7794,,,,541805,,765407,2654613,
2023-06-14,36,1809.6518087577883,2505.69019345041,15.0,15,,,,,0.3598905860517905,1.8436417781240042,0.2729450635009769,3413,,,,,,2406554,,
2023-06-15,,1670.7500029802322,41.29777482536521,,,,,,,0.3263473555937795,0.356015294338671,0.296679416848888,127,,,,,,,,
2023-06-16,170,2636.9917618303493,14615.250108171644,143.0,101,,,,,0.4808708121920644,6.3743585438851325,0.26107788682702143,15568,,,,905169,,5931367,2640879,
2023-06-17,370,2517.368453911583,16134.93673621631,51.0,46,,,,,0.520112834190116,3.4380676049499663,0.2729450635009769,21959,,,,630696,,13984459,,
2023-06-18,144,1916.0300780776784,4969.838876284556,24.0,22,,,,,0.43111474425225493,3.3095834602437484,0.35601524981569393,6312,,,,,,4073895,76404,
2023-06-19,8,1670.7500029802322,340.9008647845171,,,,,,,0.34426880294561396,0.38029033986344735,0.2848122401749324,525,,,,,,,,
2023-06-20,62,1797.4686685229153,3431.9788799107405,8.0,8,,,,,0.3977975493748761,1.621629839674932,0.26107788682702143,4679,,,,,,2195472,,
2023-06-21,6,1677.9816280939658,337.89415698018394,,,,,,,0.33723287440332544,0.6036857036352853,0.2848122401749324,569,,,,,,125292,,
2023-06-22,1,1675.5588501370805,111.68087650561094,,,,,,,0.3560152808271949,0.3560152808271949,0.3560152808271949,277,,,,,,83316,,
2023-06-23,143,2053.241619660716,8111.844244927675,49.0,49,,,,,0.4274317077583856,1.8532228959768933,0.320413770196799,10719,,,,,,6599009,,
2023-06-24,239,2023.6904713774554,9089.007949355839,59.0,56,,,,,0.4523431410934923,3.104162052978608,0.2729450635009769,12201,,,,1577896,,4419130,,
2023-06-25,27,1694.7683233055777,1808.5855758428238,9.0,7,,,,,0.559227713153758,3.0382862084600557,0.320413770196799,2295,,,,,,416131,,
2023-06-26,77,2088.878005192554,4740.221271435463,60.0,45,,,,,0.5169802618540191,7.636733093640175,0.2848122401749324,4778,,,,1599177,,1347021,1080475,
2023-06-27,85,1932.8920103631417,3212.881839724777,40.0,39,,,,,0.5442567176903597,3.203568437627233,0.2616875797349805,4518,,,,1768541,,2648954,,
2023-06-28,24,1747.3064618511473,1470.9805564359863,5.0,4,,,,,0.3707933748963974,2.785259948720288,0.296679416848888,1970,,,,,,1326384,,
2023-06-29,3,1670.750002980232,180.8557725110821,,,,,,,0.3485575021411064,0.3560153142401918,0.2729450635009769,399,,,,,,,,
2023-06-30,2,1670.750002980232,148.8143954914022,,,,,,,0.3476128064718337,0.4838734308303049,0.26107788682702143,336,,,,,,,,
2023-07-01,198,1983.4183572105937,8056.213032300073,8.0,7,,,,,0.4742477550327781,2.6647212863899297,0.2848122401749324,11303,,,,,,5277435,60082,
2023-07-02,79,1845.1665493045514,3752.5137670589943,7.0,7,,,,,0.37529031139191954,1.6991611456336793,0.296679416848888,5210,,,,,,3021865,,
2023-07-03,25,1735.6302991475995,1566.6956000095329,6.0,5,,,,,0.36862777186371604,2.025421793008001,0.30854659352284347,2135,,,,,,1124088,,
2023-07-04,265,2441.885387895609,17769.147518849095,118.0,111,,,,,0.8275199753805645,3.0504586460565237,0.26107788682702143,23057,,,,,,13308231,,
2023-07-05,83,1919.715697854555,3415.0067090861403,43.0,41,,,,,0.374849597866507,3.069149253232816,0.2848122401749324,4555,,,,1596560,,2602779,,
2023-07-06,68,1849.8366561552893,3340.054477871593,14.0,12,,,,,0.37782038021237274,2.35085010585941,0.2729450635009769,4463,,,,,,3102778,,
2023-07-07,1,1673.8925265327523,53.40229503279983,,,,,,,0.33821452551199693,0.3560152808271949,0.320413770196799,232,,,,,,54446,,
2023-07-08,205,2039.9953058103372,10650.629886706534,64.0,57,,,,,0.6328716142439093,3.7164808251953922,0.26107788682702143,13842,,,,,,6397385,,
2023-07-09,38,1925.6045580863204,4241.226957114093,34.0,19,,,,,0.765988926889115,4.072404358697789,0.2729450635009769,4440,,,,,,1557776,787538,
2023-07-10,350,2641.387132353961,15903.07399240956,123.0,115,,,,,0.6533213191599224,3.701902086446036,0.2848122401749324,20819,,,,3120835,,13465440,,
2023-07-11,194,2281.4336869145254,11766.184117584433,69.0,62,,,,,0.4934775181276627,3.125359088791038,0.26107788682702143,15396,,,,,,10550829,,
2023-07-12,123,1983.201000094209,6491.071025931402,25.0,20,,,,,0.41858042182164296,2.8666960930334486,0.26107788682702143,8689,,,,,,4930550,182949,
2023-07-13,210,2715.272191808552,17303.595411688828,125.0,76,,,,,0.6199660054052083,5.848474639020331,0.26107788682702143,18528,,,,,,7239474,2591098,
2023-07-14,257,2296.6142115900593,11229.11315892478,32.0,30,,,,,0.5028286500751409,3.2912224756148616,0.2729450635009769,15194,,,,,,10843457,,
2023-07-15,106,1952.5855057936033,6234.584675798607,40.0,37,,,,,0.4393121172811366,3.245427554508818,0.26107788682702143,8140,,,,,,4691324,83324,
2023-07-16,390,2719.3686216713054,18560.666999692054,140.0,136,,,,,0.570306718816309,3.50656452613338,0.2729450635009769,24606,,,,1707502,,16324924,,
2023-07-17,201,2123.4733112162917,10205.093592423025,38.0,34,,,,,0.5779810144508691,1.9250032874182765,0.267940833722358,13866,,,,,,7223323,243887,
2023-07-18,325,1715.185136211149,11557.286643500443,10.0,10,,,,,0.43208680906224745,1.667179786145355,0.2729450635009769,16163,,,,,,765769,,
2023-07-19,407,1854.2495103648266,18485.76198721396,31.0,30,,,,,0.522156444728467,2.6184085855525945,0.30854659352284347,25472,,,,,,3179233,,
2023-07-20,23,1764.95313831361,1562.6241614656417,7.0,6,,,,,0.38276674635748614,3.1458892083932253,0.320413770196799,2113,,,,,,1632123,,
2023-07-21,238,2277.691567157773,8510.929883080256,92.0,91,,,,,0.5225141668887174,2.1150532920463756,0.320413770196799,11580,,,,3448377,,6824931,,
2023-07-22,252,2597.5355160564977,7023.938374386197,215.0,207,,,,,0.6076475956696139,3.6829748218695584,0.26107788682702143,8784,,,,9862668,,5500302,,
2023-07-23,343,2415.850417419897,23520.67732068841,196.0,157,,,,,0.8047048902338497,3.299240053090724,0.26107788682702143,29418,,,,,,12191585,144688,
2023-07-24,203,2184.545793980425,10330.93235084248,61.0,56,,,,,0.4720217054092988,2.8651964005257775,0.26107788682702143,13748,,,,709743,,8137755,,
2023-07-25,129,1959.876577075627,6895.982073263493,31.0,28,,,,,0.5513268703663233,3.6397891182687374,0.26107788682702143,9196,,,,,,5000975,,
2023-07-26,89,1815.3444985055096,3704.918710571971,7.0,6,,,,,0.4009999060124869,3.387689671988793,0.26107788682702143,4776,,,,,,2497996,,
2023-07-27,165,2164.9703905706965,5723.705645871435,62.0,59,,,,,0.4920692394423241,2.995527604595003,0.2848122401749324,7648,,,,2835442,,5527975,,
2023-07-28,188,2054.701680191525,5517.141470848978,46.0,46,,,,,0.398196430606868,2.125181639447658,0.26107788682702143,7788,,,,2581178,,3889637,,
2023-07-29,73,2423.3453000083177,10451.197852935586,89.0,45,,,,,0.4752867988312716,6.417678011223711,0.26107788682702143,9264,,,,,,968128,2890846,
2023-07-30,172,1958.8701925781832,5494.754076938932,,,,,,,0.4100872112761596,1.460689760205132,0.26107788682702143,7771,,,,,,4991848,,
2023-07-31,105,2218.8697036881445,7657.56625928317,62.0,42,,,,,0.47424589490497987,6.875575830295952,0.26107788682702143,7624,,,,1032731,,1476627,1852466,
2023-08-01,54,1813.15400666249,2633.8116306559486,13.0,11,,,,,0.4228272836327918,2.904285119389978,0.296679416848888,3581,,,,,,2467230,,
2023-08-02,59,1785.081997944145,2426.4228304677235,3.0,2,,,,,0.4165166928803697,2.8069988398138452,0.26107788682702143,3453,,,,,,1980866,,
2023-08-03,145,2128.7463073608537,4241.449576667133,88.0,84,,,,,0.43365684986585395,2.1014600198047932,0.26107788682702143,5543,,,,3982582,,3672628,,
2023-08-04,213,2078.727725840838,6576.274726083804,48.0,48,,,,,0.4419875405617786,2.070297055626613,0.2729450635009769,9250,,,,2481280,,4412509,,
2023-08-05,340,2390.1260441727786,11121.912296980017,182.0,180,,,,,0.4588702295470932,3.0975292593477572,0.2848122401749324,14574,,,,7166216,,4541676,109646,
2023-08-06,173,1941.5191299487076,7147.383314322472,33.0,31,,,,,0.3990436752726703,3.634981843277965,0.2848122401749324,9870,,,,735645,,3437540,202771,
2023-08-07,63,1941.3501219025763,4526.890696477832,25.0,15,,,,,0.5238881549084882,5.863415393779447,0.320413770196799,4766,,,,,,718003,1281731,
2023-08-08,47,2054.7712027113816,5783.638215980356,52.0,27,55.68082046508789,12.411940574645996,55.68860626220703,12.435503005981445,0.5428617935502285,3.935253820376472,0.35578511136991753,5697,,,,,23218,577820,22583,1720069
2023-08-09,78,2180.3949041548926,8229.491195970466,66.0,37,55.671958923339844,12.421701431274414,55.687904357910156,12.435433387756348,0.4903911272162534,4.0297674573565105,0.30854659352284347,8442,,,,,13674,2623746,138869,1373293
2023-08-10,160,2048.865972870261,5710.793708069517,31.0,28,,,,,0.4380650474546643,2.6838366762820143,0.30854659352284347,7829,,,,1072638,,5400711,,
2023-08-11,111,2348.222944135156,10816.907990466767,84.0,46,55.67554473876953,12.43212604522705,55.69098663330078,12.46485424041748,0.5408035655445209,4.572339882754504,0.2729450635009769,11044,,,,,79881,2808084,63840,2182523
2023-08-12,113,1974.149147759037,5729.18028333655,22.0,21,,,,,0.4097027804964127,2.083533647078504,0.2729450635009769,7817,,,,,,5256562,,
2023-08-13,216,2105.90217228132,9197.87516749131,7.0,7,,,,,0.483062448143525,2.414836876267063,0.26107788682702143,12916,,,,,,7512086,,
2023-08-14,385,2403.434487936795,16789.677562550107,49.0,47,,,,,0.6294821688574568,5.105049208539317,0.2781068773006548,22924,,,,,,12694176,,
2023-08-15,377,2230.9060163344097,19377.909245155846,62.0,61,,,,,0.6858621123358442,2.657506758362118,0.356015265733295,25857,,,,,,9705021,,
2023-08-16,200,1883.0730477096215,7516.630805597135,13.0,13,,,,,0.49941143509622693,1.9629999841076227,0.3560152620670765,10446,,,,,,3678617,,
2023-08-17,367,1968.3696280889933,14418.129648708751,20.0,20,,,,,0.5473041572182885,1.5573823751718463,0.3560152620670765,20052,,,,,,5156430,,
2023-08-18,61,1753.626953845212,1842.0231633313754,,,,,,,0.35985039295637417,0.8450436689329218,0.26107788682702143,2636,,,,,,1435890,,
2023-08-19,199,1998.186016536212,8307.502229114521,16.0,14,,,,,0.4121829212672312,2.6673720544315778,0.2729450635009769,11430,,,,,,5673017,,
2023-08-20,125,1849.1423922864647,4450.726351394418,13.0,12,,,,,0.3848014336911089,2.887357659854801,0.296679416848888,6072,,,,,,3090751,,
2023-08-21,130,1978.1848200723578,4169.931821254457,21.0,21,,,,,0.4495228848844667,2.0003718974073013,0.2729450635009769,5864,,,,926012,,4141382,84361,
2023-08-22,54,1735.3559737032738,3559.118144793862,21.0,16,,,,,0.38473520923371457,2.8901884295896534,0.26107788682702143,4581,,,,,,1072083,,
2023-08-23,208,2293.021316608023,11278.333433120808,45.0,43,,,,,0.5371804024704989,3.428672323117958,0.26107788682702143,15087,,,,,,10781203,,
2023-08-24,361,2589.464295930998,17115.062443602135,61.0,59,,,,,0.6270466927170347,2.9147407564882064,0.30854659352284347,23121,,,,,,15525115,170500,
2023-08-25,214,2170.895680258352,4893.173816420567,92.0,91,,,,,0.4692750748976517,2.0773018750263135,0.26107788682702143,6809,,,,5148302,,2946895,84726,
2023-08-26,254,2402.5478047305987,3169.38205525654,160.0,160,,,,,0.35884501234380844,1.9342076381998639,0.26107788682702143,4563,,,,9634402,,2367450,,
2023-08-27,150,1885.6300959647597,5080.576286958629,13.0,13,,,,,0.35921945430362956,1.8255598621884905,0.2729450635009769,7172,,,,768088,,2900860,,
2023-08-28,7,1685.7237704325105,452.8514618781426,,,,,,,0.34496052296641444,0.6924664337893699,0.2848122401749324,768,,,,,,259429,,
2023-08-29,73,1811.603215324475,3249.5518005134877,7.0,6,,,,,0.3921499815817466,2.4428315821293225,0.26107788682702143,4642,,,,,,2038450,174752,
2023-08-30,99,1268.3642163799477,4759.342972167421,19.0,17,,,,,0.5880662224224894,4.955883773584667,0.26107788682702143,6308,,,,,,2663745,115533,
2023-10-09,,1670.7500029802322,,,,,,,,,,,,,,,,,,,
2023-10-10,292,2371.415326382464,12010.91365458529,107.0,88,,,,,0.5511517359307289,3.778768810496826,0.26107788682702143,14637,,,,2426276,,5671459,957755,
2023-10-11,4,1700.9611944911126,316.14158659417507,,,,,,,0.38606482739116377,0.4556033227445816,0.3127209964171262,516,,,,,,523426,,
2023-10-12,80,1866.9790460049826,4683.062587058258,25.0,21,,,,,0.4839754671636151,3.105748526381681,0.25266997182981554,6207,,,,,,3390144,,
2023-10-13,294,2393.8381830149265,11961.282527234902,52.0,49,,,,,0.4371583422136381,2.693914057188725,0.2729450635009769,16545,,,,1028838,,11391228,,
2023-10-14,19,1702.0792285861833,756.5933695518372,2.0,2,,,,,0.32015892537239243,1.786241699685182,0.26107788682702143,1134,,,,,,532705,,
2023-10-15,14,1728.922805908197,978.3579096432629,8.0,6,,,,,0.42106062437691677,2.514715412263929,0.26878305574160904,1435,,,,,,987814,,
2023-10-16,32,1742.7421665859351,2056.639317087051,10.0,10,,,,,0.3671869594351903,1.6019189066297275,0.2729450635009769,2914,,,,,,1247305,,
2023-10-17,23,1731.7245180282835,1023.3713678892731,1.0,1,,,,,0.38502535414314765,1.9219546753903798,0.26107788682702143,1502,,,,,,1056418,,
2023-10-18,4,1670.750002980232,247.0746183517539,,,,,,,0.3250171850803588,0.35601530889865785,0.26107788682702143,498,,,,,,,,
2023-10-19,33,1760.4687789779136,1079.7797194348273,9.0,9,,,,,0.37799593527586045,1.4852279700535183,0.2729450635009769,1613,,,,528145,,989174,,
2023-10-20,57,1768.8315671402408,2435.4223164745813,15.0,14,,,,,0.38488833879518625,3.540992630897634,0.3322809468707545,3313,,,,437425,,1231159,,
2023-10-21,74,1847.0814277357097,3984.4399089801477,30.0,29,,,,,0.411249573949907,3.2970767018951608,0.346832475972458,5203,,,,555662,,2249916,91491,
2023-10-22,21,1703.4989793881061,1157.6089879834785,2.0,2,,,,,0.3643399684766322,2.050416097382836,0.2848122401749324,1650,,,,,,567394,,
2023-10-23,48,1831.3660563128033,1022.3336238832128,26.0,26,,,,,0.33768051273832866,1.3943878431201104,0.26107788682702143,1682,,,,1678655,,554498,187687,
2023-10-24,138,2051.6176834167277,1463.5484286863193,94.0,93,,,,,0.4095044233751173,2.9601094686468334,0.2729450635009769,1789,,,,5630248,,572892,,
2023-10-25,4,1670.7500029802325,108.94068186691166,,,,,,,0.35601530021400085,0.35601530889865785,0.3560152906249904,204,,,,,,,,
2023-10-26,142,2054.7371899985337,5092.638754719264,,,,,,,0.4468909840621694,1.3291170426715193,0.2848122401749324,7210,,,,,,6652795,,
2023-10-27,183,2093.6874854821904,8688.551229733157,41.0,41,,,,,1.0598364859447231,2.7619765559384524,0.2729450635009769,11603,,,,,,7318745,,
2023-10-28,137,1973.9235914691953,2943.766844438065,56.0,56,,,,,0.3511773289777475,1.99551487071925,0.26107788682702143,4132,,,,3437412,,1573713,,
2023-10-29,35,1853.308601895847,1653.3025659832495,24.0,23,,,,,0.37724381671140067,3.188189465893529,0.2848122401749324,2169,,,,515558,,522559,,830778
2023-10-30,32,1715.5285105813653,1146.6431278372254,,,,,,,0.36479356074600544,1.328967756420292,0.2848122401749324,1757,,,,,,775813,,
2023-10-31,18,1734.8315442318917,1076.4774608999307,3.0,3,,,,,0.36295198125885086,1.5400298177588478,0.26107788682702143,1469,,,,,,455891,284516,
2023-11-01,37,2036.9466826723233,5098.749958257989,44.0,24,,,,,0.5361313987719756,6.651982613861367,0.24924407097347753,4385,,,,,,349116,1486446,
2023-11-02,50,2086.749902695604,6189.920212246319,52.0,32,,,,,0.9243614027672135,7.840620630620514,0.2729450635009769,5846,,,,,,1320232,1452325,
2023-11-03,340,2423.8550101549345,14943.025394697803,50.0,39,,,,,0.558807917111301,3.32399911002471,0.26107788682702143,19922,,,,,,11374371,678467,
2023-11-04,91,1957.1990212227122,2747.454207638573,47.0,47,,,,,0.395812326214513,1.6735035272114744,0.26107788682702143,3771,,,,2480372,,2111626,83995,
2023-11-05,146,1849.7243344078229,6215.140697578164,9.0,8,,,,,0.4047645719453133,2.3344391455773437,0.26066973861945086,8585,,,,,,3100832,,
2023-11-06,5,1689.1483626879867,254.66452049585402,,,,,,,0.3338331030454594,0.3560152934675607,0.30854659352284347,447,,,,,,318762,,
2023-11-07,3,1670.7500029802322,194.38435391939143,,,,,,,0.3554823688198058,0.3560153142401918,0.2848122401749324,325,,,,,,,,
2023-11-08,99,1843.5377375946427,4435.8425047530145,17.0,14,,,,,0.4745358824176363,2.83545868142939,0.356015268051639,5924,,,,,,2979231,,
2023-11-09,104,1990.4147479551868,6259.101684786413,36.0,30,,,,,0.46385059251664923,3.0478979085225086,0.26107788682702143,8379,,,,,,5537355,,
2023-11-10,107,1947.3224190354038,4288.430871712441,14.0,13,,,,,0.4532987063209057,2.9237044796442406,0.26107788682702143,6007,,,,437703,,3967681,120992,
2023-11-11,246,2012.86926836082,8304.553072126075,5.0,3,,,,,0.3890956399062116,2.8754243402614685,0.26107788682702143,11449,,,,,,4821130,481013,
2023-11-12,51,1802.0970012439602,2270.3790054439614,2.0,1,,,,,0.39430057180825595,2.419376142505058,0.2729450635009769,3349,,,,,,1940091,145664,
2023-11-13,109,1977.907819332377,4843.837725542077,18.0,16,,,,,0.5430045199013845,2.15065364989955,0.25820511485291314,6722,,,,,,5292318,,
2023-11-14,143,2069.6857408456813,3282.734196198406,67.0,64,,,,,0.4810820549373955,2.933756404515866,0.2729450635009769,4550,,,,3817926,,2825597,,
2023-11-15,98,1937.2330495675612,2335.462798364764,48.0,48,,,,,0.3982123846552477,1.8173676190968897,0.26107788682702143,3292,,,,2799372,,1620901,,
2023-11-16,90,1995.4303188282165,3622.669017660963,35.0,34,,,,,0.7330078999313371,3.427535393416811,0.26107788682702143,5045,,,,1750288,,3751999,,
2023-11-17,206,2246.92753184199,9698.326901900446,25.0,25,,,,,0.44076758763945406,2.0607390904199594,0.2848122401749324,13345,,,,,,9982603,,
2023-11-18,162,2112.408628640982,4783.2090111288035,24.0,22,,,,,0.4052868277647736,3.959686439249432,0.30854659352284347,6465,,,,444830,,7159711,,
2023-11-19,20,1744.9279537316197,1228.0312099808787,6.0,5,,,,,0.48293318977986205,2.561217004129004,0.26107788682702143,1650,,,,,,1285175,,
2023-11-20,22,1699.1887271698342,1257.3104504797484,6.0,5,,,,,0.3304511371978156,2.492135090731761,0.26107788682702143,1727,,,,,,492717,,
2023-11-21,53,1852.2403313855982,3453.5800936742066,24.0,22,,,,,0.5448522844873237,3.035452284477146,0.26107788682702143,4397,,,,,,3133268,,
2023-11-22,2,1670.7500029802322,85.44367205247974,,,,,,,0.3560152733855243,0.35601528364777235,0.3560152637627026,161,,,,,,,,
2023-11-23,35,1770.0903270367821,1936.287450940779,9.0,8,,,,,0.4459024344809199,1.8739332360610055,0.292463337059021,2602,,,,,,1300055,182985,
2023-11-24,56,1842.056116268529,2651.663204582446,9.0,7,,,,,0.5441894720320625,2.8166688923905,0.2740113432042559,3599,,,,,,2945377,,
2023-11-25,,1674.534006288156,55.538386834111826,,,,,,,0.3560152848635717,0.3560152922934556,0.3560152774336878,88,,,,,,65560,,
2023-11-26,127,2036.6872960876888,4673.614287962876,28.0,28,,,,,0.387719626462352,3.758131610892926,0.296679416848888,6481,,,,1608531,,4618516,,
2023-11-27,,993.0804960900069,17.088734410495945,,,,,,,0.2848122401749324,0.2848122401749324,0.2848122401749324,46,,,,,,,,
